task,model,accuracy,precision,recall,f1,roc_auc
classification,RandomForestClassifier,0.5233659614777392,0.4366812227074236,0.36643459142543056,0.3984857541342897,0.5156548887507629
